{"assets/fonts/NotoColorEmoji.ttf":["assets/fonts/NotoColorEmoji.ttf"],"assets/fonts/SF-Pro.ttf":["assets/fonts/SF-Pro.ttf"],"assets/images/active.png":["assets/images/active.png"],"assets/images/admin.png":["assets/images/admin.png"],"assets/images/agent.png":["assets/images/agent.png"],"assets/images/close_menu.svg":["assets/images/close_menu.svg"],"assets/images/country.png":["assets/images/country.png"],"assets/images/dashboard.png":["assets/images/dashboard.png"],"assets/images/document.png":["assets/images/document.png"],"assets/images/folder.png":["assets/images/folder.png"],"assets/images/icloud.png":["assets/images/icloud.png"],"assets/images/keyword.png":["assets/images/keyword.png"],"assets/images/language_english.png":["assets/images/language_english.png"],"assets/images/language_persian.png":["assets/images/language_persian.png"],"assets/images/on_hold.png":["assets/images/on_hold.png"],"assets/images/online.png":["assets/images/online.png"],"assets/images/open_menu.svg":["assets/images/open_menu.svg"],"assets/images/removed.png":["assets/images/removed.png"],"assets/images/settings.png":["assets/images/settings.png"],"assets/images/subs.png":["assets/images/subs.png"],"assets/images/subscription.png":["assets/images/subscription.png"],"assets/images/user.png":["assets/images/user.png"],"assets/languages/en.json":["assets/languages/en.json"],"assets/languages/fa.json":["assets/languages/fa.json"],"packages/cupertino_icons/assets/CupertinoIcons.ttf":["packages/cupertino_icons/assets/CupertinoIcons.ttf"]}